1,TvBaseR1,680,T67P542
2,ElectronicDictionary67,970,E6N2308
3,ExhaustFanD8,320,E9G8372
4,MultifunctionalT4,90,M421X86
5,ServerBarebonesH4,70,SE17564
6,LaptopDockingStation94,620,L17546O
7,DotMatrixPrinterK1,690,D8150P6
8,HumidifierY5,470,HD86793
9,PhysicalSecurityIsolation35,620,P41857Y
10,HumidifierF6,790,HD86793
11,SteeringWheel71,830,SY73215
12,HotPotJ2,230,H7143H9
13,BuildingIntercom75,80,B239N58
14,SerialCommunicationServerE9,170,S2180L4
15,CasetteLibrary26,60,C95F078
16,MicrophoneDigitalCompanionX4,730,MR92570
17,Mp437,600,M9J6453
18,ServerPowerO3,860,S5291W4
19,ToiletSeatO7,810,T35X601
20,DiskArray57,530,D7903R1
21,SecurityCameraY2,230,S86042Z
22,SecurityCamera25,570,S86042Z
23,CameraBattery26,340,C3752Y9
24,HumidifierE8,580,HD86793
25,HardDiskRecording82,450,H8713D4
26,AirConditioner27,220,A35J746
27,DvrE9,510,D56294N
28,InkCartridgeU4,890,I41V392
29,Laptop'SBatteryT2,160,L7B6430
30,PrintServer18,170,P1275R8
31,PhotoBox60,820,P4052D1
32,DotMatrixPrinter76,50,D8150P6
33,PedometerC2,780,P20O395
34,OpticalTransceiver15,60,OP18549
35,FlatFilm23,990,FK39705
36,HardDiskA7,530,H5684K7
37,MobilePhoneCarAccessories90,60,M79W815
38,TapeDrivesG3,90,T739U65
39,DesktopPc74,170,D0Q2543
40,HomeTheater94,600,HW53167
41,CardReader59,240,C741G20
42,Tester04,70,T0E9518
43,PowerSupply63,870,P968H24
44,WashingMachine56,630,W08294X
45,GameLightGunGamePeripheral93,710,G053V91
46,AntivirusAndEmailFiltering05,600,A08264O
47,OfficeSoftware20,800,O8C6513
48,ScreenSplitterA3,530,S7K6834
49,LightningProtectionProducts26,800,L47869Q
50,AirPurifierV6,900,AE80564
51,LargeFormatPrinterT5,80,L92148E
52,Cpu38,830,C02614Q
53,AntivirusSoftwareP9,480,A392R56
54,BarcodeAndCardReadingEquipment27,380,B830R57
55,OpticalTransceiver40,440,OP18549
56,FaxMachineCopierD4,820,F8E7125
57,RemoteControl83,780,R243J08
58,TvBase65,80,T67P542
59,LaminatorMoDriveH2,670,L0528N6
60,Anti-SlipMobilePhone26,580,A273M51
61,TvBase30,500,T67P542
62,Yuba80,70,YS95071
63,MonitorB2,720,M328K91
64,HotelEntertainment81,10,HI14706
65,Anti-TheftAlarmHostN4,230,A37260X
66,Charger07,70,C48967S
67,MobilePower20,930,M97X845
68,E-BookF8,940,E7R6098
69,OnlineTelephoneO8,870,O032T69
70,DatabaseSoftwareO6,80,DR28405
71,FlashAccessories41,460,F76983D
72,RouterB5,670,R5F0782
73,MultiplexerL3,550,MM72065
74,DvdPlayer89,770,DT47956
75,MicroscopeU0,290,M713N46
76,DesktopPc78,90,D0Q2543
77,PrinterH8,790,P8130N9
78,Pbx05,890,P7604Q5
79,TvHanger69,570,T28310Y
80,WirelessAccessPointY0,770,WJ50817
81,DigitalCameraS4,500,D50A198
82,ClusterH8,270,C96H382
83,GpsI3,680,G21467A
84,ReceiptPrinter06,730,RC12709
85,TollMachine89,990,T7E2913
86,MobilePhone49,630,MR46392
87,HardDiskRecordingT5,560,H8713D4
88,CellPhoneBattery21,210,C681E75
89,IsbnPrinterA3,650,I291Q38
90,Telescope92,550,TU23769
91,SerialCommunicationServer74,220,S2180L4
92,AdapterRing70,790,A794O23
93,OtherAccessoriesQ9,80,O853L07
94,LaminatingMachineC3,590,LR91308
95,HandwritingInputE9,120,H4239U1
96,ToasterElectricOvenB8,110,T9T8140
97,MobilePhone56,980,MR46392
98,DishwasherM7,1000,D230D47
99,Air-ConditioningFan79,180,A50L172
100,GameLightGunGamePeripheralL5,180,G053V91
101,ColorManagementX0,490,C6C1543
102,ReceiptPrinter76,440,RC12709
103,GasWaterHeaterB3,540,GC81302
104,HardDisk51,280,H239M48
105,NetworkCardZ5,840,N89L425
106,CursorMarkingMachineZ7,520,CY08734
107,LinePrinterX7,450,L15649H
108,Mouse12,40,M6328D7
109,LaminatingMachineE3,700,LR91308
110,IndustrialNetworkSwitchR2,30,I072X68
111,Anti-TheftAlarmHost23,100,A37260X
112,PrecisionAirConditionerG9,900,P3650F7
113,ViewfinderL1,610,VM86749
114,DigitalMobileTvZ2,940,D0W8356
115,WirelessNetworkCardK0,790,W49310P
116,ElectricToothbrushX5,840,E738Y40
117,PrintMedia70,610,PY35974
118,CameraRemoteO4,140,C98142A
119,MonitorF1,960,M328K91
120,Laptop78,480,L8N0649
121,MultiplexerL4,390,MM72065
122,LaptopPowerAdapterD3,920,L504L71
123,CleaningAndMaintenanceD0,160,C46258Y
124,PhysicalSecurityIsolationN5,200,P41857Y
125,LaserPrinterT5,180,L0X9362
126,FlashCardG3,720,F6L2495
127,LaserPrinterC5,520,L0X9362
128,PressureCookerP8,10,P6398B4
129,Cd-RomBox49,280,CF29758
130,GamePackL5,530,GS13927
131,CasetteLibraryT2,340,C95F078
132,LargeFormatPrinterD9,460,L92148E
133,RepeaterB1,320,R54810N
134,LcdTvS3,810,L891S65
135,FruitAndVegetableWashingMachineL2,340,F24170J
136,FruitAndVegetableWashingMachineF9,650,F24170J
137,HoodB4,170,H089L35
138,PlasmaTv10,940,P15647X
139,DigitalMobileTvH2,330,D0W8356
140,ServerHardDriveJ1,100,S2501J4
141,UDisk10,30,U198C32
142,ServerHardDrive65,780,S2501J4
143,TrafficManagement93,580,T9508D4
144,VacuumCleaner90,270,V5W8496
145,VacuumCleaner07,310,V5W8496
146,Cabinet07,900,C2056I7
147,ServerBarebones96,620,SE17564
148,Pbx69,640,P7604Q5
149,TvPlayer60,990,TO87603
150,LaminatorMoDrive12,970,L0528N6
151,InternetBehaviorManagementG2,680,I357B21
152,WorkstationU5,890,W9718W3
153,BillingSystemI2,100,BP82450
154,GameMachineWire98,800,G071O86
155,GameMachineWireH5,680,G071O86
156,CoffeeMachine86,20,C6C1349
157,RangeHoodE2,880,R796N84
158,KeyboardAndMouseSet73,370,K62879Z
159,PhotoBox94,820,P4052D1
160,ScreenSplitter58,230,S7K6834
161,Telephone67,910,T0X9417
162,AllInOneComputerT0,880,A31Y204
163,SpeakerAccessoriesG0,300,S93N807
164,GameChargerA5,170,G9372K0
165,HardDiskExtractionBox93,460,H18Z450
166,WirelessHdS0,940,WC49732
167,Monocular54,170,M8I1749
168,Anti-SlipMobilePhone87,230,A273M51
169,LaptopA9,490,L8N0649
170,AirConditioner71,560,A35J746
171,ComputerRemoteControlG0,520,C7826A5
172,IndustrialControlEquipment34,190,I94V518
173,FirewallX5,790,F4K6753
174,MobilePowerN6,900,M97X845
175,GasWaterHeaterS7,790,GC81302
176,Converter21,680,C04R672
177,BuildingIntercom04,940,B239N58
178,CameraFilmQ3,420,C58G293
179,TonerCartridge20,230,T0829X7
180,FruitAndVegetableWashingMachineU6,30,F24170J
181,MultimediaSoftwareA8,710,M4Y8765
182,CentralControlSystemU8,470,C2B7139
183,WirelessAccessPoint23,910,WJ50817
184,WirelessRouter47,20,WM85971
185,VideoServerX4,730,V0W6342
186,CableJ6,910,C97014N
187,WaterHeater57,620,W1473B8
188,Freezer85,160,F9135R4
189,Cd-RomBox87,640,CF29758
190,IntranetSecurityNetworkVulnerabilityScanningP0,1000,IZ80719
191,NotebookCase47,250,N13J804
192,LcdTv45,420,L891S65
193,CustomerManagementSoftwareCrmW1,70,CS90168
194,PocketPcV3,890,P09Y825
195,ApplicationSupervision29,760,AE91287
196,RangeHood35,870,R796N84
197,RemoteControlL3,630,R243J08
198,NetworkExtenderB5,590,N74Y235
199,DehumidifierP0,410,D51962U
200,NotebookAccessories20,890,N62Z458
201,WaterHeater71,780,W1473B8
202,MobilePhoneFilm78,810,M0467E1
203,SteeringWheel93,10,SY73215
204,FocusingScreenU5,810,F9N8470
205,MicrophoneDigitalCompanion64,440,MR92570
206,Cd-Rom67,860,CO19853
207,PowerAmplifier15,640,P56U187
208,ElectricFan12,730,EZ12538
209,PrinterY4,400,P8130N9
210,Chassis83,120,CN93120
211,AirConditioner85,970,A35J746
212,Anti-SlipMobilePhoneP4,170,A273M51
213,KeyboardAndMouseSet74,420,K62879Z
214,CameraRemoteK4,920,C98142A
215,Pager17,290,P6O1843
216,PaperCutter64,840,P02C741
217,DesktopPcP3,380,D0Q2543
218,OnlineTelephone15,660,O032T69
219,ToiletSeat05,150,T35X601
220,MonocularC0,610,M8I1749
221,TabletQ7,880,T035M47
222,HeatSink24,200,H64578X
223,Multiplexer89,500,MM72065
224,ServerMemoryA4,470,S7843Q5
225,AttendanceMachineW1,390,A4A8763
226,RealEstateL1,50,R2I4560
227,AntivirusAndEmailFiltering70,320,A08264O
228,LcdTvV7,870,L891S65
229,MoneyCounterA3,110,MC32085
230,ReadingMachine54,270,R58049A
231,SolarWaterHeaters80,420,S8465W1
232,AirConditioner38,620,A35J746
233,DigitalCamera75,420,D50A198
234,FreezerP7,120,F9135R4
235,AntennaSystem39,40,AU79605
236,ElectricFanS3,800,EZ12538
237,FlashCardU8,120,F6L2495
238,Cd-RomBox81,210,CF29758
239,HotPot14,480,H7143H9
240,Cd95,190,C2F0671
241,Codec97,670,C45R631
242,MobilePhoneFilmZ7,240,M0467E1
243,TabletU8,460,T035M47
244,PaperCutterV5,10,P02C741
245,CameraBattery40,910,C3752Y9
246,ServerMotherboardQ7,140,S40897X
247,FiberEquipmentF2,810,FG91426
248,CarEquipment85,920,CZ28413
249,RecordingPenR9,470,R7248S9
250,CarEquipment35,130,CZ28413
251,CameraBagA2,400,C37A594
252,BillingSystemC5,920,BP82450
253,WorkstationQ9,590,W9718W3
254,SlrHandleU6,160,S956G17
255,ElectronicDictionary86,360,E6N2308
256,RepeaterV9,250,RZ42653
257,LensD7,630,LO12047
258,NotebookFilmZ1,740,NY39107
259,Cpu37,800,C02614Q
260,DyeSublimationPrinterY6,370,D265U39
261,SolarWaterHeaters26,50,S8465W1
262,CarEquipmentS3,750,CZ28413
263,CameraBagX6,680,C37A594
264,CameraBagI1,300,C37A594
265,ConverterE1,680,C04R672
266,TonerCartridge96,130,T0829X7
267,ImageAlarmM3,150,I36Z941
268,ToasterElectricOvenO2,400,T9T8140
269,Workstation06,60,W9718W3
270,BluetoothAdapterL1,180,B189A57
271,SoftwareEncryptionI2,50,S6I1543
272,Air-ConditioningFan38,430,A50L172
273,IndustrialControlEquipmentB7,390,I94V518
274,CleaningAndMaintenance12,790,C46258Y
275,CommunicationSoftware60,800,C367T20
276,DestroyEquipmentM9,690,D7Y5182
277,CdDuplicator58,130,C63081N
278,Monocular31,630,M8I1749
279,SaasSoftwareK7,850,SR61908
280,CasetteLibraryJ4,230,C95F078
281,EarphoneV5,730,E895N12
282,MoneyCounter63,280,MC32085
283,WaterDispenserO9,760,W05C734
284,ElectricIron24,730,EE05684
285,PrecisionAirConditioner90,810,P3650F7
286,DehumidifierK8,460,D51962U
287,LaserPointersAndPresentersS3,210,L29837Y
288,Monitor57,250,M328K91
289,CabinetZ4,140,C2056I7
290,ServerMemory84,110,S7843Q5
291,SurveillanceAroundN5,590,S15H647
292,SaasSoftwareZ5,880,SR61908
293,TabletBagG4,630,T1239W5
294,FocusingScreenP9,30,F9N8470
295,GameJoystick05,820,G8573U9
296,FlashU8,760,F790I64
297,UpsPowerShredder92,700,UL87156
298,FunctionServerE7,910,FC40169
299,CashRegister06,940,C634K72
300,FaxMachineCopierV8,910,F8E7125
301,MobilePhoneCarAccessoriesW6,720,M79W815
302,VacuumCleaner75,680,V5W8496
303,TwistedPair02,420,TS64823
304,VoiceRecording52,720,V6Q9754
305,Binoculars12,390,B8E1796
306,LaserPointersAndPresentersD7,660,L29837Y
307,SoyMilkMachineM1,250,SW03642
308,Yuba48,330,YS95071
309,CentralControlSystemO7,470,C2B7139
310,MonitorO3,650,M85D039
311,RemoteControlJ8,390,R243J08
312,ComputerTerminal43,810,CG63821
313,CameraBatteryO2,760,C3752Y9
314,FlatFilmT9,760,FK39705
315,HardDiskExtractionBox95,200,H18Z450
316,Mp3A1,900,M2589S0
317,UDiskY8,270,U198C32
318,ConverterR3,230,C04R672
319,LoadBalancing61,830,L85R920
320,ColdLaminatorK3,320,C9520Y6
321,DotMatrixPrinterS4,460,D8150P6
322,YubaR4,40,YS95071
323,LensCap93,900,L903I17
324,DehumidifierG3,180,D51962U
325,GameChargerG5,360,G9372K0
326,InternetLivingRoomFitnessW4,240,I436H05
327,CarEquipment57,630,CZ28413
328,Mp4O7,750,M9J6453
329,TollMachineU6,530,T7E2913
330,NotebookAccessoriesA7,760,N62Z458
331,DyeSublimationPrinterW3,760,D265U39
332,MotherboardA2,720,M5809H7
333,HotPot92,900,H7143H9
334,CentralWaterHeater34,30,CC50327
335,TollMachineH9,730,T7E2913
336,BarcodeAndCardReadingEquipment34,140,B830R57
337,SerialCommunicationServerN8,570,S2180L4
338,FlatFilm27,610,FK39705
339,Flash95,410,F790I64
340,Air-ConditioningFan21,140,A50L172
341,PrintMediaP9,680,PY35974
342,OfficeEquipmentAccessoriesI1,340,O9F4205
343,AntivirusAndEmailFiltering80,800,A08264O
344,MobilePhoneJ2,360,MR46392
345,TapeDrives59,970,T739U65
346,Multifunctional48,340,M421X86
347,Program-ControlledSwitchD8,830,P9L0284
348,ElectricBakingPanC6,1000,EU82057
349,CashRegister74,570,C634K72
350,NetworkExtenderA0,360,N74Y235
351,Server43,870,S0912X5
352,NetworkExtenderL1,930,N74Y235
353,AttendanceMachine24,410,A4A8763
354,DigitizerX4,550,D1G4290
355,LaserPointersAndPresentersE8,40,L29837Y
356,CentralWaterHeaterV6,240,CC50327
357,TelephoneM2,580,T0X9417
358,ServerChassisH9,380,S7Z8134
359,DigitalFrame12,950,D68950Z
360,PocketPcN8,170,P09Y825
361,BluetoothAdapter64,160,B189A57
362,SoftwareEncryption15,600,S6I1543
363,BuildingIntercomO1,640,B239N58
364,ElectricIronD4,560,EE05684
365,InductionCooker21,180,I8206B5
366,MobilePhoneCompanionI6,540,MG73026
367,SpeakerAccessoriesB0,580,S93N807
368,SaasSoftwareE0,590,SR61908
369,Digitizer29,760,D1G4290
370,OpticalTransceiver76,610,OP18549
371,FiberEquipmentB0,1000,FG91426
372,CommunicationSoftware13,870,C367T20
373,RangeHoodC9,890,R796N84
374,NotebookFilm95,630,NY39107
375,InkjetPrintersW0,400,IQ87164
376,LaminatingMachineV6,920,LR91308
377,LaminatorMoDrive26,690,L0528N6
378,JuicerJ9,80,JS30927
379,Ram93,10,R6K1395
380,CashRegister62,790,C634K72
381,LaptopDisplay24,830,L8930C4
382,ImageAlarm54,360,I36Z941
383,InfraredAdapterS3,110,I79Y023
384,SoundCard61,170,S03485W
385,FlashCard87,600,F6L2495
386,DigitalAccessoriesL9,470,DD18704
387,Multifunctional39,450,M421X86
388,InductionCookerE7,780,I8206B5
389,Mp405,910,M9J6453
390,ElectricHeaterE3,660,E8T2037
391,Walkie-TalkieI5,220,W318D96
392,TabletBag62,30,T1239W5
393,Earphone27,150,E895N12
394,RemoteControlU8,940,R243J08
395,WirelessHdX1,710,WC49732
396,VideoGameControllerZ5,360,V968Q15
397,MobilePhoneChargerD7,180,M40V792
398,Cd24,850,C2F0671
399,Multifunctional31,470,M421X86
400,KeyboardS0,710,K7458M2
401,FootBathEyeProtectionLampG9,210,F1L0847
402,ToasterElectricOven06,820,T9T8140
403,ChassisZ1,810,CN93120
404,VideoCaptureCard04,520,V56301I
405,Scanner43,820,SB01298
406,ElectronicDictionaryG3,290,E6N2308
407,PbxW9,990,P7604Q5
408,LaptopC6,610,L8N0649
409,DyeSublimationPrinterA3,650,D265U39
410,FaxMachineCopierY2,300,F8E7125
411,TransceiverU0,430,T1749L0
412,BuildingIntercom95,970,B239N58
413,GameConsoleFilmN3,70,G427L06
414,CabinetS3,940,C2056I7
415,CashRegisterM3,720,C634K72
416,LoadBalancingK8,130,L85R920
417,BindingMachineM0,740,BE04182
418,TabletBaseW5,360,T95761U
419,ElectricFanU8,230,EZ12538
420,LcdMonitor47,630,L5T1069
421,MonitorH7,630,M85D039
422,CameraFilm45,720,C58G293
423,Program-ControlledSwitchS6,100,P9L0284
424,SoyMilkMachine50,970,SW03642
425,MouseFootStickerK1,190,ME59832
426,LensCapN9,130,L903I17
427,DatabaseSoftwareT5,830,DR28405
428,ComputerRemoteControl02,180,C7826A5
429,DisinfectionCabinetX2,520,DB83217
430,Earphone49,440,E895N12
431,AccessControlMachineY2,720,A58192Z
432,CallCenterC9,510,C8739R1
433,AirPurifierD4,540,AE80564
434,TranslationSoftware40,660,TT21465
435,LaptopDesk43,960,L7P4035
436,ServerR5,650,S0912X5
437,RadioYogurtMakerP4,80,R81O564
438,ServerO3,900,S0912X5
439,AttendanceMachine76,980,A4A8763
440,Ribbon17,60,R04W892
441,Dishwasher20,230,D230D47
442,DyeSublimationPrinter41,110,D265U39
443,Router48,920,R5F0782
444,Barebones71,190,B306F21
445,Digitizer39,640,D1G4290
446,ChargerD9,420,C48967S
447,DiskArray34,410,D7903R1
448,LcdTvG1,550,L891S65
449,ToiletSeatC2,650,T35X601
450,EpilatorA8,110,E4280M5
451,TelephoneConferenceI1,630,T540P67
452,ElectricToothbrush21,380,E738Y40
453,BluetoothAdapterP2,760,B189A57
454,FocusingScreenU8,350,F9N8470
455,SurveillanceCaptureCardO3,120,SK73928
456,Massager63,80,M62870K
457,WirelessSecurityS4,330,W920W86
458,RamZ7,590,R6K1395
459,ModularInterfaceCardHub47,970,M859T76
460,TvWall19,300,T1R9247
461,TvBaseT6,990,T67P542
462,LoadBalancingD6,480,L85R920
463,AccessControlMachine78,890,A58192Z
464,UDiskK0,530,U198C32
465,DotMatrixPrinterV1,410,D8150P6
466,WaterDispenserI8,20,W05C734
467,Mouse94,540,M6328D7
468,FunctionServerO8,520,FC40169
469,ImageAlarm30,880,I36Z941
470,VideoServerD1,760,V0W6342
471,PrintMediaY8,10,PY35974
472,VideoCaptureCard60,750,V56301I
473,NotebookFilmY0,780,NY39107
474,Monitor75,180,M85D039
475,MotherboardChipsetK8,240,M320L69
476,Dishwasher49,410,D230D47
477,HoodX9,590,H089L35
478,Anti-SlipMobilePhone15,240,A273M51
479,HeatSink10,390,H64578X
480,FlatFilm07,560,FK39705
481,WaterDispenserY1,80,W05C734
482,ElectricIronB1,950,EE05684
483,Walkie-Talkie31,980,W318D96
484,MicrophoneDigitalCompanion60,200,MR92570
485,FootBathEyeProtectionLamp14,760,F1L0847
486,Anti-TheftAlarmHost87,760,A37260X
487,ShutterReleaseP4,740,S1490W6
488,PrintMediaD1,380,PY35974
489,DisinfectionCabinetQ3,780,DB83217
490,ChargerF5,330,C48967S
491,GasWaterHeaterN7,570,GC81302
492,ImageSoftwareTypesettingSoftwareP6,720,I1M6430
493,PocketPc54,490,P09Y825
494,WirelessNetworkCardX4,580,W49310P
495,MobileHardDisk42,60,M2348K0
496,ElectricFanE2,900,EZ12538
497,AidedDesign56,790,A59027Z
498,Micro-WaveOvenJ2,500,M108M47
499,E-Book16,140,E7R6098
500,Anti-SlipMobilePhoneP9,150,A273M51
501,Telescope03,630,TU23769
502,OfficeEquipmentAccessories21,190,O9F4205
503,Filter91,940,FJ71643
504,Console71,230,C2698S3
505,LoadBalancingY7,620,L85R920
506,WaterHeater40,840,W1473B8
507,CuttingPlotterD4,840,C21057Z
508,InkjetPrintersS4,560,IQ87164
509,ServerAccessoriesO3,140,S92348F
510,ColdLaminator86,370,C9520Y6
511,TvWallQ1,330,T1R9247
512,Camera95,860,C91D367
513,DatabaseSoftware09,680,DR28405
514,CardReaderQ0,790,C741G20
515,DisinfectionCabinetQ0,620,DB83217
516,TvBaseP0,350,T67P542
517,CursorMarkingMachineR0,370,CY08734
518,RefrigeratorZ7,70,R39U102
519,Ssd73,930,S36N209
520,Digitizer54,370,D1G4290
521,ChargerU3,790,C48967S
522,LaptopDesk45,450,L7P4035
523,AccessControlSystem78,740,A4158M9
524,SetTopBoxI0,170,SL87069
525,Speaker30,160,S8104Z6
526,LaptopDisplayF0,930,L8930C4
527,FruitAndVegetableWashingMachineX1,580,F24170J
528,TelescopeL9,950,TU23769
529,ServerChassis79,260,S7Z8134
530,SetTopBoxD3,70,SL87069
531,Charger01,990,C48967S
532,InductionDetector38,1000,IY01329
533,TabletD9,460,T035M47
534,SoftwareEncryption06,90,S6I1543
535,MobilePhoneFilm18,420,M0467E1
536,RibbonS0,520,R04W892
537,LightningProtectionProductsK9,10,L47869Q
538,TapeDrivesH2,600,T739U65
539,ConnectingLine92,780,C186H47
540,ConnectingLine13,470,C186H47
541,PrecisionAirConditionerK9,690,P3650F7
542,VoiceRecordingL5,350,V6Q9754
543,DigitalMobileTvO8,510,D0W8356
544,BinocularsJ1,910,B8E1796
545,RadioYogurtMaker82,870,R81O564
546,EpilatorR1,570,E4280M5
547,AntivirusAndEmailFiltering47,830,A08264O
548,ClusterR4,820,C96H382
549,ComputerFingerprintEncryptionLock83,270,C1F0953
550,Gps07,980,G21467A
551,SolarWaterHeaters12,590,S8465W1
552,Cabinet97,530,C2056I7
553,SteeringWheel49,850,SY73215
554,Blu-RayPlayerD5,700,B56K283
555,Router92,190,R5F0782
556,Cd74,800,C2F0671
557,GamePackW4,810,GS13927
558,SpeakerAccessories96,370,S93N807
559,WirelessHd53,770,WC49732
560,InkCartridgeO9,390,I41V392
561,TesterO7,840,T0E9518
562,Tape53,580,T5382D6
563,PowerAmplifierA3,720,P56U187
564,CdPrintRecorder57,780,C78629B
565,SoyMilkMachineF7,820,SW03642
566,AntivirusSoftware09,460,A392R56
567,OperatingSystemY5,900,O36987R
568,NotebookCaseZ1,610,N13J804
569,GameConsoleBattery25,190,G80142H
570,BarcodeAndCardReadingEquipment20,90,B830R57
571,PowerLineCommunicationEquipment94,790,PI37560
572,GpsE3,680,G21467A
573,ServerBarebonesT3,70,SE17564
574,TvHanger86,230,T28310Y
575,MotherboardP7,850,M5809H7
576,TabletBase04,390,T95761U
577,ImageSoftwareTypesettingSoftwareC6,450,I1M6430
578,GraphicsCardC0,380,G70Z416
579,VideoDistributorR8,590,V0147T3
580,GameConsoleBatteryB1,820,G80142H
581,DesktopPc48,480,D0Q2543
582,ScannerO9,550,SB01298
583,HeatSink95,520,H64578X
584,OfficeEquipmentAccessories24,230,O9F4205
585,MobilePhoneFilmH3,690,M0467E1
586,HumidifierY1,850,HD86793
587,ServerPower76,470,S5291W4
588,WirelessAccessPointZ1,220,WJ50817
589,AccessControlMachineA8,350,A58192Z
590,CabinetZ3,730,C2056I7
591,GasWaterHeaterF4,80,GC81302
592,MobilePhoneCharger07,680,M40V792
593,LightningProtectionProductsD6,240,L47869Q
594,ToiletSeatU4,200,T35X601
595,GameChargerN0,590,G9372K0
596,ToiletSeatM4,390,T35X601
597,WirelessAccessPointR1,490,WJ50817
598,LightningProtectionProductsE4,170,L47869Q
599,TranslationSoftwareU0,160,TT21465
600,RecordingPenA3,30,R7248S9
601,CdPrintRecorder13,540,C78629B
602,CableAdapterCardN9,680,CM46520
603,ServerAccessories10,440,S92348F
604,GameMachineWire89,850,G071O86
605,VideoCaptureCard83,410,V56301I
606,ElectricFencF6,60,ER04531
607,ServerPowerH6,770,S5291W4
608,UDiskJ7,10,U198C32
609,PrintServerV0,840,P1275R8
610,DiskArrayM7,570,D7903R1
611,GameConsoleBatteryZ5,430,G80142H
612,TelephoneConferenceY7,50,T540P67
613,BarcodeAndCardReadingEquipment71,500,B830R57
614,SoundCard93,240,S03485W
615,RouterX4,710,R5F0782
616,ServerChassis71,950,S7Z8134
617,GameConsoleBattery50,890,G80142H
618,CentralWaterHeaterX5,360,CC50327
619,PaperCutterI4,570,P02C741
620,AdapterRing49,20,A794O23
621,ImageSoftwareTypesettingSoftware28,250,I1M6430
622,LaserPointersAndPresentersV2,600,L29837Y
623,ReadingMachineQ3,480,R58049A
624,CasetteLibraryD5,220,C95F078
625,LensQ4,260,LO12047
626,CdX0,270,C2F0671
627,AidedDesignV1,670,A59027Z
628,Cd-Rom02,650,CO19853
629,SetTopBox78,150,SL87069
630,DigitalMobileTv28,180,D0W8356
631,LaptopDockingStationF9,550,L17546O
632,Hand-HeldGamingDeviceD7,660,H7Y6824
633,Digitizer56,130,D1G4290
634,ServerMotherboardY0,70,S40897X
635,FiberEquipmentC4,740,FG91426
636,ColdLaminator63,870,C9520Y6
637,VoiceRecordingR0,310,V6Q9754
638,SecurityCameraS5,550,S86042Z
639,TeachingSoftware73,670,TI26891
640,TranslationSoftware03,120,TT21465
641,ComputerFingerprintEncryptionLock04,520,C1F0953
642,SteeringWheelI5,700,SY73215
643,MobileHardDisk72,460,M2348K0
644,RecordingPenM2,210,R7248S9
645,LinePrinter31,460,L15649H
646,OfficeSoftwareT1,460,O8C6513
647,BindingMachine56,800,BE04182
648,HardDisk52,360,H9842K1
649,DestroyEquipment65,660,D7Y5182
650,ScreenSplitterX5,730,S7K6834
651,HotPotI6,780,H7143H9
652,Dishwasher18,720,D230D47
653,MouseB8,130,M6328D7
654,ServerPower40,670,S5291W4
655,DigitalFrame48,510,D68950Z
656,ServerPowerV7,390,S5291W4
657,WaterHeater94,20,W1473B8
658,MobilePhoneCarAccessories21,660,M79W815
659,TrafficManagementN0,580,T9508D4
660,Hand-HeldGamingDeviceO6,70,H7Y6824
661,TelephoneConference05,850,T540P67
662,NetworkCardG1,780,N89L425
663,OperatingSystemH9,660,O36987R
664,TollMachineJ1,30,T7E2913
665,RadioYogurtMaker75,260,R81O564
666,VideoServerY0,880,V0W6342
667,TabletBase60,540,T95761U
668,PhysicalSecurityIsolationD9,550,P41857Y
669,Program-ControlledSwitchS2,480,P9L0284
670,MotherboardChipsetY5,690,M320L69
671,Cpu68,350,C02614Q
672,SpeakerAccessories69,610,S93N807
673,RibbonD5,180,R04W892
674,CardReaderL3,170,C741G20
675,RealEstateW0,460,R2I4560
676,ImageAlarm41,780,I36Z941
677,MobilePowerK1,440,M97X845
678,PowerAmplifierJ9,990,P56U187
679,SurveillanceCaptureCard79,710,SK73928
680,Multimedia39,750,M4329T8
681,GameConsoleMemory17,690,G75X306
682,VideoDistributorZ5,890,V0147T3
683,Tripod50,580,T75D268
684,Repeater18,120,R54810N
685,RamY9,60,R6K1395
686,Cluster15,320,C96H382
687,FlatFilm91,310,FK39705
688,PhotoBox56,920,P4052D1
689,DesktopPcZ6,440,D0Q2543
690,IndustrialControlEquipment60,590,I94V518
691,PrintServer04,350,P1275R8
692,Minicomputer24,730,ML18593
693,CleaningAndMaintenanceE5,700,C46258Y
694,NetworkManagementAndBackupSoftwarevirtualizationSoftware51,340,N2364L9
695,Cd49,530,C2F0671
696,RemoteControlI4,630,R243J08
697,TwistedPairW0,400,TS64823
698,WirelessNetworkCardL1,40,W49310P
699,CashRegisterY2,790,C634K72
700,SoftwareEncryptionY3,80,S6I1543
701,VideoServer94,980,V0W6342
702,Ribbon48,600,R04W892
703,Gps21,320,G21467A
704,Server40,670,S0912X5
705,LoadBalancingY3,460,L85R920
706,EarphoneP5,710,E895N12
707,WirelessSecurity90,60,W920W86
708,MobilePhoneStylus63,900,M9P8604
709,SlrHandle74,730,S956G17
710,TabletCase05,260,T38951Z
711,DvdPlayerG0,330,DT47956
712,BillingSystem06,820,BP82450
713,GameChargerK2,20,G9372K0
714,HomeTheater30,130,HW53167
715,PaperCutter65,470,P02C741
716,AccessControlMachineK1,490,A58192Z
717,TollMachine62,510,T7E2913
718,FiberEquipment38,810,FG91426
719,Codec76,590,C45R631
720,Hood15,790,H089L35
721,LaptopPowerAdapter37,540,L504L71
722,CursorMarkingMachine03,870,CY08734
723,MailServerSoftware74,960,M48J309
724,MobilePhoneStylusX9,440,M9P8604
725,DigitalFrameE7,360,D68950Z
726,CardReaderQ9,780,C741G20
727,OfficeEquipmentAccessories73,830,O9F4205
728,Hand-HeldGamingDeviceN2,210,H7Y6824
729,OpticalTransceiver46,390,OP18549
730,GasWaterHeaterF8,900,GC81302
731,AccessController53,720,A094G67
732,MonitorU9,870,M328K91
733,ComputerFingerprintEncryptionLockE3,580,C1F0953
734,CommunicationSoftware34,870,C367T20
735,All-In-OnePrintingMachineW9,650,AA85346
736,IntegratedWiringZ2,360,I53862I
737,ServerBarebonesM0,720,SE17564
738,AirPurifierO6,200,AE80564
739,TranslationSoftware97,770,TT21465
740,ElectricBakingPan74,290,EU82057
741,PocketPc24,950,P09Y825
742,FiberOpticCableT6,730,F40365I
743,MonocularY1,740,M8I1749
744,CdPrintRecorderL8,940,C78629B
745,MultifunctionalF7,440,M421X86
746,Cpu60,780,C02614Q
747,OfficeEquipmentAccessories10,530,O9F4205
748,Toner79,90,TF15948
749,Tablet90,240,T035M47
750,CdPrintRecorder59,310,C78629B
751,ColdLaminatorV6,180,C9520Y6
752,AidedDesign81,540,A59027Z
753,AudioAndVideoCableP6,210,A02N847
754,ServerHardDrive17,120,S2501J4
755,Speaker31,630,S8104Z6
756,GameChargerZ3,460,G9372K0
757,RadioYogurtMaker92,140,R81O564
758,Anti-TheftAlarmHost50,310,A37260X
759,CameraBattery09,160,C3752Y9
760,RangeHoodO1,630,R796N84
761,MobilePhoneCompanion86,200,MG73026
762,PhotoBoxP3,30,P4052D1
763,TwistedPairU0,450,TS64823
764,ElectricKettleR3,570,E2L5374
765,DevelopSoftware23,100,D93P178
766,CameraBag51,420,C37A594
767,CasetteLibraryI1,370,C95F078
768,Monitor84,370,M328K91
769,TelephoneU9,870,T0X9417
770,AntivirusAndEmailFilteringE7,70,A08264O
771,KeyboardAndMouseSet90,90,K62879Z
772,DestroyEquipment06,570,D7Y5182
773,Switch59,880,S3R8754
774,PressureCookerS7,540,P6398B4
775,ServerMotherboard86,550,S40897X
776,CentralControlSystem74,590,C2B7139
777,NotebookAccessoriesA6,440,N62Z458
778,LargeFormatPrinter95,550,L92148E
779,RadioYogurtMakerR4,590,R81O564
780,CoffeeMachineK4,650,C6C1349
781,FocusingScreenR8,350,F9N8470
782,E-Book87,780,E7R6098
783,Pbx97,260,P7604Q5
784,InkCartridgeX2,460,I41V392
785,ElectricHeaterP7,50,E8T2037
786,Massager82,70,M62870K
787,LaminatingMachineY9,160,LR91308
788,PrecisionAirConditionerK4,40,P3650F7
789,SolarWaterHeatersU5,230,S8465W1
790,CellphoneDataLine14,530,C7G8396
791,DigitalMobileTv84,610,D0W8356
792,Mp4C9,760,M9J6453
793,CustomerManagementSoftwareCrm50,580,CS90168
794,SoundCardE9,180,S03485W
795,SerialCommunicationServer64,970,S2180L4
796,DvrL0,870,D56294N
797,EpilatorO0,710,E4280M5
798,SurveillanceCaptureCardD5,200,SK73928
799,PhotocopyingMachineS8,860,P45Q120
800,Hand-HeldGamingDeviceL3,510,H7Y6824
801,PhotoBoxU2,780,P4052D1
802,PedometerT4,240,P20O395
803,CoffeeMachineL7,210,C6C1349
804,Air-ConditioningFan51,130,A50L172
805,HardDiskExtractionBoxA4,270,H18Z450
806,IndustrialNetworkSwitchA7,80,I072X68
807,SecurityCamera42,20,S86042Z
808,SaasSoftware94,780,SR61908
809,EpilatorW2,430,E4280M5
810,Pbx06,310,P7604Q5
811,LensI9,950,LO12047
812,Program-ControlledSwitchZ8,150,P9L0284
813,DisplayChipB4,220,DE13695
814,CleaningAndMaintenanceY4,830,C46258Y
815,HotelEntertainment63,100,HI14706
816,LensCapU7,640,L903I17
817,MouseG8,190,M6328D7
818,Hand-HeldGamingDeviceR5,840,H7Y6824
819,FlashAccessories76,90,F76983D
820,UpsPowerShredderT7,540,UL87156
821,RiceCooker18,410,R45327J
822,MousePad98,1000,M489T70
823,PhoneVoiceCardC4,930,P1D2567
824,UpsPowerShredderT4,760,UL87156
825,CardPrinterP8,550,C9W7563
826,LaptopDesk56,850,L7P4035
827,NotebookAccessories35,420,N62Z458
828,HoodP6,590,H089L35
829,Blu-RayPlayerG1,990,B56K283
830,CursorMarkingMachine84,900,CY08734
831,LargeFormatPrinterW0,320,L92148E
832,DiskArray38,430,D7903R1
833,DehumidifierT0,710,D51962U
834,YubaE3,710,YS95071
835,LabelPrinterA6,980,L60241X
836,ServerAccessories38,770,S92348F
837,Tablet82,380,T035M47
838,CustomerManagementSoftwareCrm36,590,CS90168
839,ModularInterfaceCardHub96,470,M859T76
840,ElectricHeaterR1,750,E8T2037
841,MassagerU3,260,M62870K
842,ElectricIronD7,530,EE05684
843,SetTopBoxV1,270,SL87069
844,VoiceRecording38,520,V6Q9754
845,Repeater97,970,R54810N
846,WirelessNetworkCardN4,950,W49310P
847,Dehumidifier97,300,D51962U
848,Multimedia49,870,M4329T8
849,DvdPlayer78,980,DT47956
850,LaptopDockingStationQ9,780,L17546O
851,CellphoneDataLineP5,60,C7G8396
852,All-In-OnePrintingMachine57,90,AA85346
853,ServerHardDriveB3,910,S2501J4
854,DigitalAccessoriesD7,960,DD18704
855,MobilePhoneBaseX8,20,M70628E
856,Scanner87,120,SB01298
857,FlashAccessories02,560,F76983D
858,AidedDesign24,30,A59027Z
859,DigitalCamera90,460,D50A198
860,Freezer65,990,F9135R4
861,PocketPcE0,700,P09Y825
862,MobilePowerV4,540,M97X845
863,HairDryer59,50,H362I81
864,MobilePhoneChargerF9,740,M40V792
865,TripodF5,140,T75D268
866,ToasterElectricOvenX4,300,T9T8140
867,MicrophoneDigitalCompanionF7,580,MR92570
868,TonerCartridgeH6,570,T0829X7
869,RepeaterK4,250,RZ42653
870,FiberOpticCable39,240,F40365I
871,Keyboard28,890,K7458M2
872,OfficeSoftwareS9,10,O8C6513
873,FiberEquipmentH6,1000,FG91426
874,Blu-RayPlayer63,550,B56K283
875,GameConsoleFilmN2,740,G427L06
876,CameraFilmO0,360,C58G293
877,Ssd50,270,S36N209
878,WaterDispenser12,810,W05C734
879,ConnectingLine29,200,C186H47
880,VideoServer62,260,V0W6342
881,E-BookD6,490,E7R6098
882,TrafficManagementF4,690,T9508D4
883,WirelessHdC8,810,WC49732
884,AirConditionerF9,290,A35J746
885,MotherboardZ4,580,M5809H7
886,SetTopBoxW7,500,SL87069
887,PrecisionAirConditionerI6,1000,P3650F7
888,LaptopI7,300,L8N0649
889,WirelessNetworkCardD4,280,W52V643
890,HotelEntertainmentV4,310,HI14706
891,CodecH2,850,C45R631
892,FocusingScreenU7,540,F9N8470
893,ConsoleA3,320,C2698S3
894,PhysicalSecurityIsolation71,460,P41857Y
895,LensCapR5,850,L903I17
896,Tester74,810,T0E9518
897,AidedDesign96,990,A59027Z
898,SaasSoftwareY1,40,SR61908
899,ConnectingLine54,170,C186H47
900,ElectricHeater39,1000,E8T2037
901,Epilator24,700,E4280M5
902,TeachingSoftwareO3,260,TI26891
903,UpsPowerShredderJ5,820,UL87156
904,FlashAccessories19,300,F76983D
905,TapeS1,40,T5382D6
906,OfficeSoftwareD7,670,O8C6513
907,Air-ConditioningFan81,310,A50L172
908,ImageAlarmA1,930,I36Z941
909,InkCartridgeC4,160,I41V392
910,PowerLineCommunicationEquipmentZ2,620,PI37560
911,LaminatorMoDriveP4,200,L0528N6
912,ServerAccessoriesC2,570,S92348F
913,FootBathEyeProtectionLamp74,720,F1L0847
914,Razor72,970,R6713Q9
915,NotebookCaseF3,480,N13J804
916,ToasterElectricOven64,670,T9T8140
917,MobilePhoneCarAccessoriesR1,370,M79W815
918,FlashCard95,180,F6L2495
919,NetworkCardC7,320,N89L425
920,Scanner21,880,SB01298
921,InternetBehaviorManagement96,920,I357B21
922,SoftwareEncryptionP5,70,S6I1543
923,TelephoneH7,420,T0X9417
924,Mp4Z2,230,M9J6453
925,NotebookCase03,40,N13J804
926,Anti-TheftAlarmHostW0,760,A37260X
927,CarEquipment58,370,CZ28413
928,ScreenSplitterB7,390,S7K6834
929,BarcodeAndCardReadingEquipment70,640,B830R57
930,NotebookAccessoriesA4,210,N62Z458
931,FruitAndVegetableWashingMachineX6,80,F24170J
932,CustomerManagementSoftwareCrm49,640,CS90168
933,ElectricBakingPanN2,690,EU82057
934,FiberOpticCableI3,820,F40365I
935,SerialCommunicationServerP5,650,S2180L4
936,PrintServerX4,340,P1275R8
937,MobilePowerO4,240,M97X845
938,Program-ControlledSwitchB0,340,P9L0284
939,NotebookCaseP4,530,N13J804
940,UpsPowerShredder19,110,UL87156
941,GasStoves79,120,G58A216
942,HairDryerX7,300,H362I81
943,GameMachineWire80,120,G071O86
944,IsbnPrinterW6,250,I291Q38
945,ComputerRemoteControlN5,90,C7826A5
946,PrintMediaL2,340,PY35974
947,HumidifierZ4,610,HD86793
948,LaptopDockingStation45,200,L17546O
949,DigitalCamera56,540,D50A198
950,DigitalCamera85,110,D8560Q1
951,InductionCookerD2,560,I8206B5
952,TonerCartridge29,950,T0829X7
953,Filter19,870,FJ71643
954,WirelessNetworkCard58,940,W52V643
955,Camera35,270,C91D367
956,CellphoneDataLine26,700,C7G8396
957,ScreenSplitterN4,300,S7K6834
958,KeyboardAndMouseSetF3,520,K62879Z
959,CentralWaterHeaterI0,760,CC50327
960,RangeHoodI8,300,R796N84
961,LightningProtectionProductsV0,500,L47869Q
